Workbook

Sheet Summary
B3: Project: E-commerce Website | G3: Start Date: June 1, 2026 | M3: Status: Completed
B4: QA Lead: Mariel Balba | G4: Target End Date: June 12, 2026 | M4: Signoff Build: 1.2.1
G5: Actual End Date: June 10, 2026 | M5: Jira Dashboard: link
B8: Dashboard
B10: Test Case Summary By Category | I10: Test Case Summary By Priority
B11: Category | C11: Total | D11: In Progress | E11: Passed | F11: Failed | G11: Completion | I11: Priority | J11: Total | K11: In Progress | L11: Passed | M11: Failed | N11: Completion
B12: Functional | C12: =COUNTA('Test Case'!A4:A23) -> 19 | D12: =COUNTIF('Test Case'!H4:H23,"In Progress") -> 0 | E12: =COUNTIF('Test Case'!H4:H23,"Passed") -> 18 | F12: =COUNTIF('Test Case'!H4:H23,"Failed") -> 1 | G12: =(E12+F12)/C12 -> 1 | I12: High | J12: =COUNTIF('Test Case'!D4:D20,"High") -> 14 | K12: =COUNTIFS('Test Case'!D4:D20,"High",'Test Case'!H4:H20,"In Progress") -> 0 | L12: =COUNTIFS('Test Case'!D4:D20,"High",'Test Case'!H4:H20,"Passed") -> 13 | M12: =COUNTIFS('Test Case'!D4:D20,"High",'Test Case'!H4:H20,"Failed") -> 1 | N12: =(L12+M12)/J12 -> 1
B13: Non-functional | C13: =COUNTA('Test Case'!A26:A32) -> 7 | D13: =COUNTIF('Test Case'!H26:H32,"In Progress") -> 0 | E13: =COUNTIF('Test Case'!H26:H32,"Passed") -> 7 | F13: =COUNTIF('Test Case'!H26:H32,"Failed") -> 0 | G13: =(E13+F13)/C13 -> 1 | I13: Medium | J13: =COUNTIF('Test Case'!D4:D20,"Medium") -> 2 | K13: =COUNTIFS('Test Case'!D4:D20,"Medium",'Test Case'!H4:H20,"In Progress") -> 0 | L13: =COUNTIFS('Test Case'!D4:D20,"Medium",'Test Case'!H4:H20,"Passed") -> 2 | M13: =COUNTIFS('Test Case'!D4:D20,"Medium",'Test Case'!H4:H20,"Failed") -> 0 | N13: =(L13+M13)/J13 -> 1
I14: Low | J14: =COUNTIF('Test Case'!D4:D20,"Low") -> 1 | K14: =COUNTIFS('Test Case'!D4:D20,"Low",'Test Case'!H4:H20,"In Progress") -> 0 | L14: =COUNTIFS('Test Case'!D4:D20,"Low",'Test Case'!H4:H20,"Passed") -> 1 | M14: =COUNTIFS('Test Case'!D4:D20,"Low",'Test Case'!H4:H20,"Failed") -> 0 | N14: =(L14+M14)/J14 -> 1
B15: Overall | C15: =SUM(C12:C13) -> 26 | D15: =SUM(D12:D13) -> 0 | E15: =SUM(E12:E13) -> 25 | F15: =SUM(F12:F13) -> 1 | G15: =(E15+F15)/C15 -> 1
I16: Overall | J16: =SUM(J12:J14) -> 17 | K16: =SUM(K12:K14) -> 0 | L16: =SUM(L12:L14) -> 16 | M16: =SUM(M12:M14) -> 1 | N16: =(L16+M16)/J16 -> 1

Sheet Test Case
A1: Functional
A2: Test Case ID | B2: Title | C2: Module / Feature | D2: Priority | E2: Preconditions | F2: Test Steps | G2: Expected Result | H2: Status | I2: Remarks | J2: Bug Link
A3: TC-F-01 | B3: Verify user can access Login page | C3: Login button | D3: High | E3: 1. User is on any page except Login page | F3: 1. Click login button in navigation bar | G3: 1. Login page loads successfully | H3: Passed
A4: TC-F-02 | B4: Verify user can login with valid credentials | C4: Login form | D4: High | E4: 1. User is on Login page 2. User has existing account | F4: 1. Input valid login credentials 2. Click login button | G4: 1. User is successfully logged in | H4: Passed
A5: TC-F-03 | B5: Verify user cannot login with empty/invalid credentials | C5: Login form | D5: High | E5: 1. User is on Login page | F5: 1. Input invalid/empty credentials 2. Click login button | G5: 1. Error message is displayed 2. User cannot login | H5: Passed
A6: TC-F-04 | B6: Verify user can access Reset password page | C6: Login form | D6: High | E6: 1. User is on Login page 2. User has existing account | F6: 1. Click “Forgot your password?” link | G6: 1. Reset password page loads successfully | H6: Failed
A7: TC-F-05 | B7: Verify user can navigate to Sign up page from login form | C7: Login form | D7: Low | E7: 1. User is on Login page | F7: 1. Click “Sign up” | G7: 1. Sign up page loads successfully | H7: Passed
A8: TC-F-06 | B8: Verify user can access Cart page | C8: Cart page | D8: High | E8: 1. User is on any page except Cart page | F8: 1. Click cart button in navigation bar | G8: 1. Cart page loads successfully | H8: Passed
A9: TC-F-07 | B9: Verify empty cart page displays correct message | C9: Cart page | D9: High | E9: 1. No product is added to cart | F9: 1. Navigate to Cart page | G9: 1. Message “Your cart is empty” is displayed | H9: Passed
A10: TC-F-08 | B10: Verify "Start Shopping" button is visible and clickable | C10: Cart page | D10: Medium | E10: 1. User is on Cart page 2. Cart is empty | F10: 1. Observe and click “Start Shopping” button | G10: 1. “Start Shopping” button is visible 2. User is redirected to shop page | H10: Passed
A11: TC-F-09 | B11: Verify product details are displayed correctly | C11: Cart page | D11: High | E11: 1. User is on Cart page 2. Cart has at least 1 product | F11: 1. Observe product name, description, and price | G11: 1. Displays correct product name, description, and price | H11: Passed
A12: TC-F-10 | B12: Verify user can increase and decrease quantity of the product | C12: Cart page | D12: High | E12: 1. User is on Cart page 2. Cart contains product with default quantity = 1 | F12: 1. Click “+” and “–” buttons | G12: 1. Quantity updates correctly 2. Subtotal, free shipping treshold, and Total recalculates | H12: Passed
A13: TC-F-11 | B13: Verify cart icon shows correct item count | C13: Cart icon | D13: Medium | E13: 1. User is on Cart page 2. Cart contains products | F13: 1. Check cart badge count | G13: 1. Cart icon displays total number of items in cart | H13: Passed
A14: TC-F-12 | B14: Verify system prevents quantity below 1 | C14: Cart page | D14: High | E14: 1. User is on Cart page 2. Cart contains product with default quantity = 1 | F14: 1. Attempt to decrement below 1 | G14: 1. System prevents quantity <1, disabled button state shown | H14: Passed
... A22: TC-F-20 | B22: Verify “Proceed to Checkout” button redirects to Checkout page | C22: Cart page | D22: High | E22: 1. User is on Cart page 2. Cart contains product | F22: 1. Observe and click "Proceed to Checkout" button | G22: 1. Button is visible 2. User is redirected to Checkout page | H22: Passed
A24: Non-Functional
A25: ID | B25: Title | C25: Module / Feature | D25: Priority | E25: Preconditions | F25: Test Steps | G25: Expected Result | H25: Status | I25: Remarks
A26: TC‑NF‑01 | B26: Verify Login page loads within 3 seconds | C26: Login page | D26: High | E26: 1. User is on any page other than Login page | F26: 1. Navigate to Login page | G26: 1. Page loads within 3 seconds | H26: Passed
A27: TC‑NF‑02 | B27: Verify Login page renders consistently across browsers | C27: Login page | D27: Medium | E27: N/A | F27: 1. Open Login page in Chrome, Edge, Firefox | G27: 1. Page renders consistently | H27: Passed
A28: TC‑NF‑03 | B28: Verify system prevents SQL injection in login fields | C28: Login page | D28: High | E28: 1. User is on Login page | F28: 1. Enter ' OR '1'='1 in email field 2. Enter random password 3. Click “Login” | G28: 1. System prevents injection and shows error | H28: Passed
A29: TC‑NF‑04 | B29: Verify Login page supports screen reader accessibility | C29: Login page | D29: Medium | E29: 1. Screen reader is enabled | F29: 1. Navigate to Login page 2. Use screen reader | G29: 1. Labels “Email” and “Password” are read aloud correctly | H29: Passed
A30: TC‑NF‑05 | B30: Verify Cart page loads within 3 seconds | C30: Cart page | D30: High | E30: 1. User is on any page other than Cart page | F30: 1. Navigate to Cart page | G30: 1. Page loads within 3 seconds | H30: Passed
A31: TC‑NF‑06 | B31: Verify Cart page renders consistently across browsers | C31: Cart page | D31: Medium | E31: N/A | F31: 1. Open Login page in Chrome, Edge, Firefox | G31: 1. Page renders consistently | H31: Passed
A32: TC‑NF‑07 | B32: Verify Cart page supports screen reader accessibility | C32: Cart page | D32: Medium | E32: 1. Screen reader is enabled | F32: 1. Navigate to Login page 2. Use screen reader | G32: 1. Product names, prices, and order summary are read aloud correctly | H32: Passed
